net,length_um
net79,359.82µm
net126,286.19µm
net136,279.13µm
net87,270.745µm
clknet_2_3__leaf_aclk,269.35µm
_0364_,269.26µm
_0220_,268.45µm
net81,268.32µm
clknet_2_0__leaf_aclk,264.2µm
clknet_2_1__leaf_aclk,258.34µm
net84,248.56µm
net78,244.44µm
net63,244µm
net91,219.06µm
_0219_,215.9µm
net135,211.8µm
net72,209.62µm
net122,205.4µm
_0689_,200.68µm
net77,200.64µm
_0539_,186.35µm
net76,186.26µm
net86,185.15µm
net134,184.62µm
clknet_2_2__leaf_aclk,184.38µm
internal_weight\[1\],182.84µm
net123,181.82µm
net125,180.66µm
net83,174µm
net124,173.86µm
net133,173.65µm
net129,172.08µm
net58,171.64µm
net113,168.235µm
net111,167.19µm
net96,165.07µm
net127,164.48µm
net61,159.36µm
net85,158.9µm
net62,153.84µm
net80,151.76µm
net64,147.69µm
net57,147.095µm
aclk,146.87µm
net105,146.18µm
net88,140.68µm
net121,137.615µm
_0656_,136.43µm
clknet_0_aclk,134.855µm
net131,133.46µm
net67,132.66µm
net68,131.66µm
_0655_,128.42µm
net90,128.04µm
net94,126.34µm
internal_rssi\[7\],121.52µm
net115,121.22µm
net82,119.5µm
_0199_,116.9µm
_0201_,114.5µm
net73,112.78µm
net107,108.995µm
net118,107.06µm
_0365_,106.01µm
net104,105.3µm
internal_weight\[7\],104.92µm
net98,101.95µm
net71,101.19µm
net117,101.04µm
net65,98.64µm
net116,98.325µm
net102,98.295µm
net66,97.91µm
net119,97.6µm
internal_weight\[4\],96.44µm
net70,95.78µm
_0540_,90.52µm
net110,89.29µm
_0723_,88.26µm
_0200_,87.36µm
net108,86.54µm
net93,85.66µm
net1,85.06µm
net75,83.35µm
net74,79.93µm
net27,79.68µm
net26,78.34µm
internal_weight\[3\],76.85µm
net132,76.76µm
net106,74.84µm
net100,72.92µm
internal_rssi\[3\],72.78µm
net101,72.28µm
net92,72.09µm
_0348_,69.86µm
net56,66.2µm
internal_rssi\[4\],65.74µm
_0347_,65.62µm
net89,65.62µm
net103,63.4µm
net130,63.4µm
net59,62.7µm
_0570_,59.88µm
_0521_,59.39µm
_0522_,59.38µm
_0561_,59.27µm
net28,55.92µm
net25,55.2µm
net97,55.12µm
_0691_,54.48µm
net39,54.32µm
_0712_,52.7µm
internal_rssi\[5\],52.42µm
net95,51.95µm
_0613_,51.86µm
_0390_,50.08µm
_0527_,49.94µm
internal_rssi\[1\],49.9µm
_0391_,49.26µm
_0972_,49.24µm
_0813_,48.78µm
net40,48.2µm
_0494_,44.16µm
net128,44.08µm
_0386_,44.02µm
net99,43.86µm
_0329_,43.32µm
_0781_,43.3µm
_0119_,42.52µm
internal_weight\[2\],42.5µm
_0407_,42.28µm
net35,41.92µm
_0624_,41.7µm
_0125_,41.68µm
_0938_,41.42µm
net33,41.38µm
internal_rssi\[2\],41.26µm
_0692_,41.2µm
net2,40.92µm
net48,40.44µm
_0735_,40.36µm
_0577_,40.3µm
_0126_,40.02µm
_0452_,39.73µm
_0473_,39.68µm
net45,39.46µm
_0844_,39.29µm
net36,39.18µm
_0089_,38.74µm
net29,37.96µm
net46,37.54µm
net112,37.46µm
_0815_,36.94µm
net34,36.62µm
_0842_,36.54µm
net12,36.52µm
net43,36.48µm
_0572_,36.24µm
net120,35.6µm
_0373_,35.52µm
net11,35.44µm
_0505_,35.36µm
_0382_,35.3µm
net47,35.24µm
_0804_,35.02µm
_0783_,34.96µm
_0640_,34.94µm
net38,34.7µm
_0559_,34.45µm
_0658_,34.23µm
net42,34.11µm
_0431_,34.025µm
_0607_,34.02µm
_0644_,33.94µm
net109,33.74µm
_0352_,33.44µm
_0571_,33.38µm
_0701_,33.38µm
net37,32.42µm
_0552_,32.3µm
_0669_,31.975µm
_0359_,31.92µm
net24,31.86µm
net51,31.68µm
_0495_,31.26µm
_1018_,31.16µm
_0485_,30.35µm
_0874_,29.84µm
_1009_,29.8µm
_0673_,29.66µm
_0369_,29.6µm
net114,29.39µm
_0870_,29.32µm
_0310_,29.24µm
_0419_,29.1µm
_0319_,28.9µm
_0902_,28.78µm
_0893_,28.6µm
net60,28.58µm
_0392_,28.48µm
net4,28.34µm
_0443_,28.165µm
_0725_,28.04µm
_0518_,27.99µm
_0291_,27.54µm
_1035_,27.54µm
_0557_,27.44µm
_0616_,27.36µm
_0367_,27.18µm
_0422_,27µm
_0670_,26.84µm
net32,26.72µm
_0322_,26.52µm
_0888_,26.42µm
_0471_,26.36µm
_0516_,26.32µm
_0060_,26.26µm
_0463_,26.13µm
_0414_,26.08µm
_0246_,25.83µm
_0399_,25.82µm
_0304_,25.66µm
_0582_,25.63µm
_0233_,25.58µm
_0257_,25.54µm
_0668_,25.46µm
_0402_,24.98µm
net41,24.94µm
_0062_,24.89µm
_0317_,24.88µm
_1015_,24.84µm
_1016_,24.72µm
_0752_,24.38µm
_0541_,24.24µm
_0581_,24.2µm
_0754_,24.02µm
_0614_,24µm
_0056_,23.52µm
_1019_,23.5µm
_0408_,23.2µm
_0746_,23.12µm
_0751_,23.12µm
_0116_,23.06µm
_0299_,23µm
_0479_,22.98µm
_0642_,22.9µm
_0437_,22.82µm
_0377_,22.7µm
_0853_,22.62µm
_0573_,22.6µm
net22,22.54µm
net44,22.46µm
_0840_,22.455µm
_0140_,22.4µm
_0569_,22.38µm
_0244_,22.26µm
_0681_,21.96µm
_0366_,21.94µm
_0551_,21.8µm
_0878_,21.74µm
_0269_,21.54µm
_0134_,21.5µm
_0982_,21.46µm
net30,21.42µm
_0063_,21.28µm
_0065_,21.26µm
_0930_,21.18µm
_0085_,21.12µm
net23,21µm
_0906_,20.84µm
_0809_,20.8µm
_0510_,20.68µm
_0496_,20.555µm
_0845_,20.46µm
_0794_,20.38µm
_0678_,20.28µm
_0775_,20.26µm
s_axis_tdata[4],20.1µm
net21,20.02µm
_0447_,19.98µm
_0305_,19.88µm
_0512_,19.82µm
_0553_,19.74µm
_0694_,19.6µm
_0868_,19.58µm
_0657_,19.56µm
_0453_,19.5µm
_0625_,19.5µm
_0420_,19.3µm
_0600_,19.08µm
_0881_,19.08µm
_0094_,19µm
_0187_,18.96µm
_0921_,18.94µm
_0534_,18.92µm
net52,18.92µm
_0605_,18.78µm
_0449_,18.76µm
_0817_,18.62µm
_0973_,18.58µm
_0091_,18.5µm
_0946_,18.38µm
_0940_,18.34µm
_0151_,18.24µm
_0952_,18.03µm
_0409_,18µm
_0619_,17.96µm
_0603_,17.9µm
_0161_,17.76µm
_0476_,17.72µm
_0629_,17.7µm
_0641_,17.68µm
_0646_,17.58µm
net50,17.52µm
_0260_,17.48µm
_0882_,17.48µm
_0682_,17.28µm
_0156_,17.06µm
_0695_,17.04µm
_0080_,17.02µm
_0520_,17µm
_0807_,16.96µm
_0880_,16.96µm
_0740_,16.9µm
_0873_,16.88µm
_0376_,16.84µm
net31,16.82µm
net20,16.68µm
_0587_,16.38µm
_0267_,16.36µm
_0659_,16.25µm
_0785_,16.22µm
_0927_,16.185µm
_0883_,16.16µm
_0537_,16.14µm
_0998_,16.14µm
_0401_,16.06µm
_0660_,16.06µm
_0489_,16.04µm
_0106_,16.02µm
_0448_,16.02µm
_0931_,16.02µm
_0232_,16µm
_0323_,16µm
net49,16µm
_0313_,15.94µm
_0637_,15.9µm
_0378_,15.76µm
_0865_,15.7µm
_1029_,15.7µm
_0713_,15.68µm
_0302_,15.66µm
_0630_,15.64µm
_0905_,15.64µm
_0535_,15.6µm
_0174_,15.58µm
_0306_,15.52µm
_0256_,15.5µm
_0064_,15.48µm
_0077_,15.48µm
_0517_,15.48µm
_0228_,15.46µm
_0432_,15.46µm
_0924_,15.28µm
_0846_,15.26µm
_0182_,15.24µm
_0964_,15.18µm
_0908_,15.12µm
s_axis_tdata[13],15.04µm
_0755_,15.02µm
_0899_,15.02µm
_0993_,15.02µm
_0636_,15µm
_0760_,14.98µm
_0923_,14.96µm
_0545_,14.94µm
_0661_,14.9µm
_0836_,14.9µm
_0514_,14.88µm
_0898_,14.87µm
_0733_,14.75µm
_0271_,14.72µm
_0849_,14.7µm
net10,14.7µm
s_axis_tdata[8],14.69µm
_0688_,14.66µm
_0795_,14.64µm
_0492_,14.6µm
_0628_,14.6µm
_0617_,14.57µm
_0152_,14.56µm
_0676_,14.42µm
_0757_,14.42µm
_0943_,14.4µm
_0340_,14.38µm
_0160_,14.34µm
_0583_,14.26µm
_0488_,14.24µm
_0831_,14.24µm
_0115_,14.22µm
_0242_,14.22µm
_0433_,14.2µm
_0490_,14.16µm
_0910_,14.14µm
_0818_,14.1µm
_0820_,14.06µm
_0426_,14.04µm
_0801_,14.02µm
_0838_,14.02µm
s_axis_tdata[1],14.01µm
_0469_,14µm
s_axis_tdata[14],13.94µm
s_axis_tdata[5],13.94µm
_0249_,13.92µm
_0287_,13.88µm
_0911_,13.84µm
_1003_,13.81µm
s_axis_tdata[9],13.79µm
_0509_,13.7µm
_0962_,13.68µm
_0578_,13.64µm
_0504_,13.6µm
_0090_,13.56µm
_0654_,13.56µm
_0786_,13.5µm
_0963_,13.5µm
_0662_,13.475µm
_0771_,13.46µm
net18,13.42µm
_0594_,13.415µm
_0424_,13.38µm
_0508_,13.38µm
_0544_,13.34µm
_0861_,13.34µm
s_axis_tdata[11],13.32µm
_0992_,13.3µm
_0081_,13.26µm
_0225_,13.26µm
_1011_,13.26µm
_0500_,13.18µm
_0226_,13.115µm
_0101_,13.08µm
_0798_,13.08µm
_0144_,13.06µm
_0592_,13.04µm
_0909_,13.04µm
s_axis_tdata[0],13µm
_0464_,12.975µm
_0393_,12.96µm
_0965_,12.94µm
_0800_,12.9µm
_0482_,12.89µm
_0860_,12.88µm
_0278_,12.86µm
_0279_,12.86µm
_0102_,12.84µm
_0375_,12.84µm
_0866_,12.8µm
_0639_,12.78µm
_0462_,12.76µm
_0958_,12.76µm
_0586_,12.74µm
_0852_,12.74µm
_0715_,12.7µm
_0756_,12.7µm
_0728_,12.68µm
_0745_,12.68µm
_0007_,12.665µm
s_axis_tdata[3],12.66µm
_0585_,12.64µm
_0651_,12.64µm
m_axis_tdata[4],12.62µm
_0907_,12.6µm
_0743_,12.565µm
_0935_,12.54µm
_0602_,12.52µm
_0697_,12.52µm
_0769_,12.52µm
_0308_,12.5µm
_0708_,12.5µm
_0467_,12.46µm
_0486_,12.46µm
_0729_,12.46µm
_0341_,12.4µm
_0626_,12.38µm
net55,12.32µm
_0782_,12.3µm
_0058_,12.26µm
internal_weight\[0\],12.2µm
_0429_,12.18µm
_0055_,12.16µm
_0528_,12.16µm
_0747_,12.16µm
_0672_,12.08µm
_0864_,12.04µm
_0936_,12.04µm
_0368_,12.02µm
_0546_,12.02µm
_0703_,12.02µm
_0862_,12.02µm
_0562_,12µm
_0949_,12µm
_0736_,11.98µm
_0337_,11.96µm
_0719_,11.92µm
_0954_,11.92µm
_0925_,11.84µm
_0185_,11.82µm
_0593_,11.78µm
_0734_,11.76µm
_0960_,11.72µm
_0273_,11.71µm
_0532_,11.7µm
internal_weight\[6\],11.7µm
_0395_,11.68µm
_0451_,11.66µm
_0802_,11.66µm
_0942_,11.6µm
_0986_,11.6µm
_0155_,11.58µm
_0403_,11.56µm
_0777_,11.54µm
_0459_,11.525µm
_0466_,11.5µm
_0439_,11.44µm
_0765_,11.44µm
net54,11.44µm
_0465_,11.42µm
_0099_,11.39µm
_0916_,11.38µm
_0706_,11.36µm
_0345_,11.34µm
_0292_,11.32µm
_0543_,11.32µm
_0238_,11.28µm
_0609_,11.28µm
m_axis_tdata[6],11.24µm
_0333_,11.22µm
_0591_,11.22µm
_0855_,11.2µm
_0890_,11.18µm
_0355_,11.16µm
_0384_,11.16µm
_0788_,11.16µm
_0894_,11.14µm
_0563_,11.12µm
_0415_,11.105µm
_0995_,11.07µm
_0821_,11.06µm
net8,11.04µm
s_axis_tdata[6],11.02µm
_0664_,10.98µm
_0758_,10.98µm
_0787_,10.98µm
_0173_,10.96µm
_0481_,10.96µm
_0933_,10.96µm
_0272_,10.94µm
m_axis_tready,10.93µm
_0190_,10.92µm
_0716_,10.92µm
_0436_,10.86µm
_0268_,10.84µm
_0742_,10.84µm
_0294_,10.82µm
_0690_,10.82µm
_0645_,10.8µm
_0547_,10.78µm
_0726_,10.76µm
_0737_,10.74µm
_0773_,10.74µm
_0944_,10.74µm
_0542_,10.72µm
s_axis_tdata[10],10.71µm
_0454_,10.7µm
_0154_,10.62µm
_0827_,10.62µm
_0770_,10.6µm
s_axis_tdata[7],10.56µm
_0555_,10.54µm
_0792_,10.54µm
_0903_,10.54µm
_0863_,10.52µm
_0826_,10.5µm
_0383_,10.48µm
_0610_,10.46µm
_1024_,10.46µm
_0175_,10.42µm
_0566_,10.42µm
_1031_,10.42µm
_0506_,10.38µm
_0759_,10.38µm
_0774_,10.38µm
_0789_,10.38µm
_0180_,10.36µm
_0164_,10.32µm
_0677_,10.32µm
_0851_,10.32µm
_0470_,10.3µm
_0293_,10.28µm
_0797_,10.28µm
_0901_,10.28µm
_0247_,10.25µm
_0276_,10.24µm
_0374_,10.22µm
_0059_,10.2µm
_0503_,10.2µm
net5,10.2µm
s_axis_tdata[2],10.19µm
_0799_,10.18µm
_0222_,10.16µm
_0113_,10.14µm
_0877_,10.14µm
_0819_,10.095µm
_0404_,10.08µm
_0501_,10.08µm
_0727_,10.08µm
_0584_,10.06µm
_0663_,10.06µm
_0918_,10.06µm
_0168_,10µm
_0872_,10µm
_0953_,9.98µm
_0400_,9.96µm
_0417_,9.96µm
_0784_,9.96µm
_0254_,9.92µm
_0914_,9.92µm
_1007_,9.92µm
_0248_,9.9µm
_0631_,9.9µm
_0854_,9.86µm
_0357_,9.84µm
_0917_,9.84µm
_0093_,9.82µm
_0507_,9.82µm
_0730_,9.82µm
_0511_,9.78µm
_0108_,9.74µm
_0580_,9.73µm
_0178_,9.72µm
_0796_,9.72µm
_0130_,9.7µm
_0558_,9.7µm
_0707_,9.68µm
_0886_,9.68µm
m_axis_tdata[26],9.64µm
s_axis_tdata[12],9.64µm
_0779_,9.62µm
_0475_,9.58µm
_0980_,9.58µm
_0234_,9.56µm
_0684_,9.54µm
_0969_,9.52µm
_0339_,9.5µm
_0410_,9.5µm
_0951_,9.49µm
_1025_,9.48µm
_0647_,9.46µm
_0412_,9.44µm
_0277_,9.42µm
_0876_,9.42µm
_0343_,9.38µm
_0714_,9.38µm
_0744_,9.36µm
_0767_,9.34µm
_0335_,9.32µm
_0994_,9.32µm
net7,9.32µm
_0648_,9.3µm
_0975_,9.3µm
_0444_,9.28µm
_0574_,9.28µm
_0627_,9.28µm
_0945_,9.28µm
_0702_,9.26µm
_0879_,9.26µm
_0812_,9.24µm
s_axis_tdata[15],9.21µm
_0372_,9.2µm
_1034_,9.2µm
m_axis_tdata[14],9.18µm
m_axis_tdata[15],9.18µm
m_axis_tdata[23],9.18µm
m_axis_tdata[24],9.18µm
m_axis_tdata[25],9.18µm
m_axis_tdata[27],9.18µm
m_axis_tdata[28],9.18µm
_1006_,9.16µm
_0445_,9.125µm
_0497_,9.12µm
_0889_,9.12µm
_0162_,9.06µm
_0397_,9.06µm
_0896_,9.05µm
_0073_,9.04µm
_0589_,9.04µm
_0674_,9.04µm
_0104_,9µm
_0303_,9µm
_0915_,9µm
_0832_,8.98µm
_1008_,8.96µm
m_axis_tdata[3],8.96µm
_0141_,8.94µm
_0793_,8.92µm
_0941_,8.92µm
_0371_,8.9µm
_0087_,8.86µm
_0075_,8.82µm
_0693_,8.82µm
_0456_,8.8µm
_0298_,8.78µm
_0332_,8.78µm
_0336_,8.78µm
_0859_,8.78µm
_0083_,8.74µm
aresetn,8.71µm
_0255_,8.7µm
_0381_,8.7µm
_0446_,8.66µm
_0848_,8.66µm
_0142_,8.64µm
_0837_,8.62µm
_0280_,8.585µm
_0595_,8.58µm
_0749_,8.58µm
_0416_,8.56µm
_0615_,8.56µm
_0245_,8.5µm
m_axis_tdata[5],8.5µm
m_axis_tdata[7],8.5µm
_0499_,8.48µm
net151,8.48µm
_0097_,8.46µm
_0764_,8.46µm
_0411_,8.4µm
_0761_,8.4µm
_0824_,8.38µm
_0312_,8.36µm
_0054_,8.32µm
_0847_,8.32µm
_0983_,8.28µm
_0069_,8.24µm
_0394_,8.24µm
_0434_,8.24µm
_0884_,8.24µm
_1004_,8.24µm
_0536_,8.2µm
_0331_,8.17µm
_0423_,8.16µm
net150,8.14µm
_0066_,8.1µm
net14,8.1µm
_0237_,8.09µm
_0887_,8.06µm
_0857_,8.04µm
_0970_,8.04µm
_0856_,8.035µm
_0286_,8.02µm
_0731_,8.02µm
_0361_,8µm
_0132_,7.98µm
_0223_,7.98µm
_0082_,7.94µm
_0472_,7.94µm
_0632_,7.94µm
_0966_,7.94µm
_0050_,7.92µm
_0353_,7.9µm
_0548_,7.9µm
_1017_,7.9µm
_0835_,7.88µm
_0961_,7.86µm
m_axis_tdata[16],7.79µm
_0457_,7.78µm
_0685_,7.78µm
_0895_,7.78µm
_0274_,7.74µm
_0741_,7.74µm
_0458_,7.68µm
net146,7.68µm
_0334_,7.66µm
_0356_,7.66µm
_0937_,7.66µm
_0354_,7.64µm
_0385_,7.64µm
_0480_,7.64µm
_0598_,7.64µm
_0981_,7.64µm
_0258_,7.62µm
internal_valid,7.62µm
_0363_,7.58µm
_0071_,7.56µm
_0150_,7.56µm
_0227_,7.56µm
_0263_,7.56µm
_0565_,7.56µm
_0567_,7.56µm
net138,7.56µm
net142,7.56µm
net143,7.56µm
_0717_,7.54µm
_0816_,7.54µm
_0138_,7.535µm
_0148_,7.52µm
_0327_,7.52µm
_0556_,7.5µm
_0683_,7.46µm
_0947_,7.46µm
_0074_,7.44µm
_0468_,7.44µm
_0314_,7.42µm
_0461_,7.4µm
_0560_,7.4µm
_0034_,7.365µm
_0950_,7.34µm
_0549_,7.32µm
_0974_,7.32µm
_0143_,7.28µm
_0699_,7.28µm
_0772_,7.28µm
_0926_,7.26µm
_1001_,7.23µm
_0344_,7.22µm
_0810_,7.22µm
_0172_,7.2µm
_0264_,7.12µm
_0266_,7.12µm
_0430_,7.12µm
_0579_,7.12µm
_0955_,7.12µm
_0987_,7.12µm
m_axis_tdata[21],7.11µm
m_axis_tdata[2],7.11µm
_0834_,7.08µm
_1033_,7.08µm
_0428_,7.06µm
_0732_,7.06µm
_1020_,7.06µm
_0766_,6.98µm
_0206_,6.94µm
_0326_,6.94µm
_0768_,6.94µm
_0833_,6.88µm
_0330_,6.86µm
_0611_,6.86µm
_0763_,6.86µm
_0738_,6.84µm
_0922_,6.82µm
_0421_,6.74µm
_0533_,6.74µm
_0604_,6.74µm
_0491_,6.72µm
_0612_,6.72µm
_0360_,6.66µm
_0163_,6.64µm
_0251_,6.64µm
_0977_,6.64µm
internal_rssi\[0\],6.64µm
_0418_,6.62µm
_0110_,6.6µm
_0250_,6.6µm
_0270_,6.52µm
_0710_,6.5µm
_0033_,6.485µm
_0275_,6.48µm
_0623_,6.48µm
_0109_,6.44µm
s_axis_tready,6.43µm
_0830_,6.42µm
_0135_,6.4µm
_0157_,6.4µm
_0442_,6.4µm
_0023_,6.365µm
_0525_,6.32µm
_0722_,6.32µm
_0803_,6.32µm
_0136_,6.3µm
_0208_,6.3µm
_0696_,6.3µm
_0939_,6.3µm
net137,6.3µm
net139,6.3µm
net141,6.3µm
_0406_,6.28µm
_0288_,6.26µm
_0621_,6.26µm
_0671_,6.26µm
_0806_,6.255µm
_0976_,6.2µm
_0984_,6.2µm
_0438_,6.18µm
net13,6.18µm
_0137_,6.16µm
_0171_,6.14µm
_0554_,6.14µm
_0638_,6.14µm
_0281_,6.12µm
_0088_,6.06µm
_0300_,6.06µm
_0455_,6.06µm
_0599_,6.06µm
_0196_,5.96µm
_0823_,5.96µm
_0092_,5.94µm
_0105_,5.94µm
_0576_,5.94µm
_0590_,5.94µm
_0596_,5.94µm
_1027_,5.94µm
_0776_,5.92µm
_0867_,5.92µm
_0989_,5.92µm
_0047_,5.905µm
_0253_,5.86µm
_0231_,5.82µm
_0121_,5.8µm
_0192_,5.8µm
_0224_,5.8µm
_0413_,5.8µm
_0990_,5.8µm
_1010_,5.8µm
_0048_,5.76µm
m_axis_tdata[0],5.75µm
m_axis_tdata[10],5.75µm
m_axis_tdata[12],5.75µm
m_axis_tdata[18],5.75µm
m_axis_tdata[1],5.75µm
m_axis_tdata[8],5.75µm
m_axis_tdata[9],5.75µm
_0123_,5.74µm
_0828_,5.74µm
_0311_,5.72µm
_0380_,5.72µm
_0652_,5.72µm
_0191_,5.7µm
_0928_,5.695µm
_0194_,5.68µm
_0338_,5.68µm
_0841_,5.68µm
s_axis_tvalid,5.65µm
_0487_,5.625µm
_0070_,5.62µm
_1022_,5.62µm
_0524_,5.605µm
_0530_,5.605µm
_0114_,5.6µm
_0166_,5.6µm
_0513_,5.6µm
_0643_,5.6µm
_0956_,5.6µm
_0282_,5.58µm
_0031_,5.525µm
_0321_,5.52µm
_0959_,5.52µm
_0985_,5.5µm
_1012_,5.5µm
_0122_,5.48µm
_0146_,5.48µm
_0498_,5.48µm
_0502_,5.48µm
_0523_,5.48µm
_0550_,5.48µm
_0635_,5.48µm
_0057_,5.4µm
_0236_,5.4µm
_0297_,5.4µm
_0791_,5.4µm
_0858_,5.4µm
_0184_,5.38µm
_0519_,5.38µm
_0790_,5.38µm
_0169_,5.36µm
_0290_,5.36µm
_0649_,5.36µm
_0076_,5.34µm
_0460_,5.34µm
_0843_,5.34µm
net6,5.34µm
_0320_,5.32µm
_0000_,5.305µm
_0387_,5.28µm
_0079_,5.26µm
_0167_,5.26µm
_0261_,5.26µm
_0351_,5.26µm
_0601_,5.26µm
_0780_,5.26µm
_0979_,5.26µm
_1002_,5.26µm
_1030_,5.26µm
_0241_,5.24µm
_0289_,5.24µm
_0441_,5.24µm
_0704_,5.24µm
_0098_,5.22µm
_0748_,5.22µm
_1000_,5.22µm
_0084_,5.14µm
_0538_,5.14µm
_0608_,5.14µm
_0679_,5.14µm
_0967_,5.14µm
_0991_,5.14µm
_1032_,5.14µm
net3,5.14µm
_0131_,5.12µm
m_axis_tdata[17],5.07µm
m_axis_tdata[22],5.07µm
m_axis_tdata[29],5.07µm
m_axis_tvalid,5.07µm
_0997_,5.04µm
_0396_,5.02µm
_0484_,5.02µm
_0711_,5.02µm
_0897_,4.97µm
_0358_,4.94µm
_0850_,4.94µm
_1021_,4.94µm
_0118_,4.92µm
_0307_,4.92µm
_0342_,4.92µm
_0529_,4.92µm
_0597_,4.92µm
_0822_,4.92µm
_0885_,4.92µm
_0891_,4.92µm
_0968_,4.92µm
_1014_,4.92µm
_0283_,4.905µm
_0825_,4.88µm
_0425_,4.87µm
_0052_,4.82µm
_0024_,4.8µm
_0127_,4.8µm
_0158_,4.8µm
_0170_,4.8µm
_0195_,4.8µm
_0230_,4.8µm
net16,4.8µm
_0149_,4.76µm
_0188_,4.76µm
_0284_,4.76µm
_0325_,4.76µm
_0618_,4.74µm
_0240_,4.7µm
_0667_,4.68µm
_0912_,4.68µm
_0919_,4.68µm
net147,4.6µm
_0477_,4.58µm
_0296_,4.56µm
_0620_,4.56µm
_0739_,4.56µm
_0920_,4.56µm
_0020_,4.505µm
_0318_,4.48µm
_0053_,4.46µm
_0111_,4.46µm
_0634_,4.46µm
_0450_,4.42µm
_0687_,4.42µm
_0814_,4.42µm
m_axis_tdata[11],4.39µm
m_axis_tdata[13],4.39µm
m_axis_tdata[19],4.39µm
m_axis_tdata[20],4.39µm
m_axis_tdata[30],4.39µm
m_axis_tdata[31],4.39µm
_0010_,4.385µm
_0015_,4.38µm
_0805_,4.36µm
_1013_,4.36µm
_0207_,4.34µm
_0478_,4.34µm
_0606_,4.34µm
_0665_,4.34µm
net148,4.34µm
_0165_,4.32µm
_0008_,4.26µm
_0028_,4.24µm
_0198_,4.2µm
net145,4.14µm
_0762_,4.12µm
_0948_,4.1µm
_1023_,4.1µm
_0259_,4.02µm
_0829_,4.02µm
_0892_,4.02µm
_0147_,4µm
_0633_,4µm
_0686_,4µm
_0932_,4µm
_0709_,3.98µm
_0043_,3.925µm
_0051_,3.9µm
_0067_,3.9µm
_0531_,3.88µm
_0675_,3.88µm
_0871_,3.88µm
net19,3.88µm
_0013_,3.785µm
_0041_,3.78µm
_0202_,3.74µm
net149,3.68µm
_0177_,3.58µm
_0061_,3.56µm
_0398_,3.56µm
_0750_,3.56µm
net140,3.56µm
_0096_,3.54µm
_0205_,3.54µm
_0666_,3.54µm
net69,3.54µm
_0072_,3.52µm
_0039_,3.505µm
_0285_,3.44µm
_0214_,3.42µm
_0440_,3.42µm
_0700_,3.42µm
_0778_,3.42µm
_0904_,3.42µm
_0957_,3.42µm
_1005_,3.42µm
_1026_,3.42µm
_0705_,3.3µm
_0349_,3.18µm
_0515_,3.18µm
_0129_,3.1µm
_0203_,3.1µm
_0389_,3.1µm
_0934_,3.1µm
_0112_,3.08µm
_0133_,3.08µm
_0179_,3.08µm
_0650_,3.08µm
_0718_,3.08µm
_0913_,3.08µm
_0019_,3.045µm
_0002_,3.005µm
_0030_,3.005µm
_0027_,3µm
_0095_,2.98µm
_0120_,2.96µm
_0193_,2.96µm
_0262_,2.96µm
_0295_,2.96µm
_0564_,2.96µm
_0575_,2.96µm
_0622_,2.96µm
_0720_,2.96µm
_0808_,2.96µm
_0037_,2.86µm
_0038_,2.86µm
_0229_,2.86µm
_0301_,2.84µm
_0483_,2.84µm
_0568_,2.76µm
_0086_,2.74µm
_0045_,2.715µm
_0210_,2.64µm
_0265_,2.64µm
_0145_,2.62µm
_0181_,2.62µm
_0186_,2.62µm
_0213_,2.62µm
_0216_,2.62µm
_0493_,2.62µm
_0721_,2.62µm
_0811_,2.62µm
internal_weight\[5\],2.62µm
net9,2.62µm
_0005_,2.605µm
_0046_,2.585µm
_0001_,2.545µm
_0032_,2.545µm
_0049_,2.545µm
_0183_,2.52µm
_0139_,2.5µm
_0204_,2.5µm
_0209_,2.5µm
_0218_,2.5µm
_0309_,2.5µm
_0350_,2.5µm
_0379_,2.5µm
_0753_,2.5µm
_0839_,2.5µm
net17,2.5µm
_0124_,2.4µm
_0004_,2.375µm
_0036_,2.375µm
_0022_,2.325µm
_0474_,2.3µm
net144,2.3µm
_0107_,2.28µm
_0003_,2.205µm
_0068_,2.18µm
_0128_,2.18µm
_0211_,2.16µm
_0212_,2.16µm
_0252_,2.16µm
_0316_,2.16µm
_0328_,2.16µm
_0526_,2.16µm
_0929_,2.16µm
_0971_,2.16µm
_0999_,2.16µm
_0014_,2.125µm
_0017_,2.125µm
_0018_,2.125µm
_0016_,2.085µm
_0012_,2.08µm
_0021_,2.08µm
_0044_,2.08µm
_0869_,2.06µm
_0176_,2.04µm
_0189_,2.04µm
_0215_,2.04µm
_0235_,2.04µm
_0388_,2.04µm
_0978_,2.04µm
_0988_,2.04µm
net15,2.04µm
_0029_,2.025µm
_0042_,2.025µm
_0006_,1.865µm
_0026_,1.865µm
_0040_,1.865µm
_0159_,1.84µm
_0197_,1.84µm
internal_rssi\[6\],1.82µm
_0100_,1.72µm
_0217_,1.72µm
_0698_,1.72µm
_0153_,1.7µm
_0324_,1.7µm
_0362_,1.7µm
_0427_,1.7µm
_0653_,1.7µm
_0011_,1.685µm
_0025_,1.685µm
_0221_,1.48µm
_0009_,1.405µm
_0035_,1.405µm
_0103_,1.38µm
_0239_,1.38µm
_0243_,1.38µm
_0346_,1.38µm
_0588_,1.38µm
_0680_,1.38µm
_0078_,1.26µm
_0435_,1.26µm
_1028_,1.26µm
_0900_,1.165µm
_0405_,1.14µm
net53,1.14µm
_0370_,1.02µm
_0315_,0.92µm
_0724_,0.92µm
_0996_,0.92µm
_0117_,0.8µm
_0875_,0.8µm
